tname,tacc,tlen,qname,qacc,qlen,E-value,seqscore,seqbias,#,of,c-Evalue,i-Evalue,domscore,dombias,hmm_from,hmm_to,ali_from,ali_to,env_from,env_to,acc,qcov,tcovq
GCA_007676625.1_VEKD01000002.1_525283_525826_comp,-,180,Peptidase_M23,PF01551.25,96,8.899999999999999e-24,86.1,1.4,1,1,2.8e-26,1.5e-23,85.4,1.4,2,91,63,154,62,163,0.91,0.9375,0.5
GCA_003578835.1_QXUH01000047.1_2854_3376_revcomp,-,173,Peptidase_M23,PF01551.25,96,6.8e-23,83.3,0.8,1,1,1.7e-25,8.9e-23,82.9,0.8,2,89,55,144,54,155,0.91,0.9166666666666666,0.5086705202312138
GCA_903989835.1_CAJEJY010000086.1_8_419_revcomp,-,136,SH3_5,PF08460.13,68,1.2e-27,98.3,2.4,1,1,1.2000000000000001e-30,1.8e-27,97.8,0.8,1,68,50,115,50,115,0.99,1.0,0.5
